;anio;mes;1.Dólar observado
0;1982;08;57.80470588235294
1;1982;09;63.04409090909091
2;1982;10;66.268
3;1982;11;69.18523809523809
4;1982;12;72.39095238095238
